{
  "_type":"news",
  "didUMean":"",
  "totalCount":2652,
  "relatedSearch":[
     "massachusetts institute",
     "harvard university",
     "science",
     "surprising way <b>technology</b> can",
     "help end mass incarceration",
     "125w fast charging <b>technology</b>",
     "oppo",
     "belfast",
     "drone <b>technology</b>",
     "disruptive <b>technology</b> channel",
     "cambridge",
     "chief  officer"
  ],
  "value":[
     {
        "id":"1536766067781455607",
        "title":"GE Power wins orders worth Rs 850 crore for implementing air quality control systems <b>technology</b>",
        "url":"https://economictimes.indiatimes.com/industry/energy/power/ge-power-wins-orders-worth-rs-850-crore-for-implementing-air-quality-control-systems-technology/articleshow/76976384.cms",
        "description":"It will supply the AQCS to Hindalco Industries for their Aditya Aluminium Plant Lapanga in Sambalpur, Odisha. The project is expected to be commissioned by 2021.",
        "body":"Comment\nSynopsis\nIt will supply the AQCS to Hindalco Industries for their Aditya Aluminium Plant Lapanga in Sambalpur, Odisha. The project is expected to be commissioned by 2021.\nReuters\nThis technology will give a number of benefits as it facilitates sulfur dioxide (SO2) removal with lower water consumption, smaller footprint, utilization of existing stack, lesser lifecycle cost and lesser implementation time, the company said.\nNew Delhi: GE PowerIndia on Wednesday said it has bagged multiple orders worth Rs 850.69 crore ($112.57 million) to implement air quality control systems technology in India. The company will supply these air quality control systems (\nAQCS\n) solutions to NTPC Hindalco Industries and UP Rajya Vidyut Utpadan Nigam, a GE Power India statement said.\nAccording to statement, it will supply the AQCS to Hindalco Industries for their Aditya Aluminium Plant Lapanga in Sambalpur, Odisha. The project is expected to be commissioned by 2021.\nThis technology will give a numbe",
        "keywords":"",
        "language":"en",
        "isSafe":true,
        "datePublished":"2020-07-15T08:22:43",
        "provider":{
           "name":"indiatimes"
        },
        "image":{
           "url":"https://img.etimg.com/thumb/msid-76976450,width-1070,height-580,imgsize-774431,overlay-economictimes/photo.jpg",
           "height":580,
           "width":1070,
           "thumbnail":"https://rapidapi.contextualwebsearch.com/api/thumbnail/get?value=1923974197826195609",
           "thumbnailHeight":144,
           "thumbnailWidth":267,
           "base64Encoding":null,
           "name":null,
           "title":null,
           "imageWebSearchUrl":null
        }
     },
     {
        "id":"8236003932705083518",
        "title":"STEM skills: Mind the gap!  EURACTIV.com",
        "url":"https://www.euractiv.com/section/economy-jobs/video/stem-skills-mind-the-gap/",
        "description":"We often hear from policymakers, media and employer groups that the EU faces a shortage in Science, <b>Technology</b>, Engineering and Mathematics (STEM) skills. However, what we rarely hear are specific details of what those skills shortages actually are and ...",
        "body":"LinkedIn\nWhatsApp\nWe often hear from policymakers, media and employer groups that the EU faces a shortage in Science, Technology, Engineering and Mathematics (STEM) skills. However, what we rarely hear are specific details of what those skills shortages actually are and  just as crucially  where they are.\nBusinesses are especially concerned about the outlook. Pre-COVID, over half expected the shortage to worsen over the next 10 years, with expansion in the sector set to nearly double the number of new STEM roles required.\nWith many European schools and universities closed since mid-March, students have had to adapt to online and distance learning. It is too soon to assess whether students will fall behind in STEMs and other skills, but employers are already worried that the COVID crisis could slow Europes technological advancement due to a lack of future talent.\nPost-COVID, re-establishing a strong pipeline of skills will b",
        "keywords":"",
        "language":"en",
        "isSafe":true,
        "datePublished":"2020-07-15T07:42:49",
        "provider":{
           "name":"euractiv"
        },
        "image":{
           "url":"https://www.euractiv.com/wp-content/uploads/sites/2/2020/07/shutterstock_629766161-thm-800x450.jpg",
           "height":450,
           "width":800,
           "thumbnail":"https://rapidapi.contextualwebsearch.com/api/thumbnail/get?value=1525442776537184517",
           "thumbnailHeight":168,
           "thumbnailWidth":298,
           "base64Encoding":null,
           "name":null,
           "title":null,
           "imageWebSearchUrl":null
        }
     },
     {
        "id":"3784401527905435798",
        "title":"Livingston's CB <b>Technology</b> retains all staff and sets 25m revenue goal",
        "url":"https://www.scotsman.com/business/livingstons-cb-technology-retains-all-staff-and-sets-ps25m-revenue-goal-2913120",
        "description":"Livingston-based electronic manufacturing services company CB <b>Technology</b> has unveiled ambitious growth plans as it looks to more than double its present turnover to 25 million.",
        "body":"Sorry, there seem to be some issues. Please try again later.\nSubmitting...\nThe company was founded in 1999 and has over the years diversified its client base beyond the oil and gas industry into the communications, industrial and medical sectors.\nManaging director John Cameron, who led the management buy-in, said: Theres a huge amount of hard work across the company that goes into producing financial results like these and Im incredibly proud of our team.\nWhile other companies in our sector are growing in single digits or struggling to grow at all, our business has grown by more than 30 per cent in each of the past three years.\nThats thanks to our focus on working in partnership with our customers to fulfil their needs and responding to changes in their sectors.\nIts also due to our high-quality operational, technical and supply chain staff and to our world-class management team.\nCB Technology has retained all its staff, including temporary workers, during lockdown and has continued to ",
        "keywords":"",
        "language":"en",
        "isSafe":true,
        "datePublished":"2020-07-15T06:30:00",
        "provider":{
           "name":"scotsman"
        },
        "image":{
           "url":"https://www.scotsman.com/webimg/b25lY21zOjgyZjU2OTc3LTk4MDktNGNjYS05ODY3LTliMTAxYWQzNmVlMzpiNWYyNTA3Mi01NzZlLTQxMTgtOWNiNS1mM2ViYWU1ZDBkMWI=.jpg",
           "height":1333,
           "width":2000,
           "thumbnail":"https://rapidapi.contextualwebsearch.com/api/thumbnail/get?value=3137373509947423931",
           "thumbnailHeight":166,
           "thumbnailWidth":249,
           "base64Encoding":null,
           "name":null,
           "title":null,
           "imageWebSearchUrl":null
        }
     },
     {
        "id":"1392094662777485040",
        "title":"NI can become 'leader' in hydrogen <b>technology</b>', says economy minister",
        "url":"https://www.bbc.co.uk/news/uk-northern-ireland-53404563",
        "description":"The economy minister's comments come amidst plans for hydrogen buses on the streets of Belfast in 2020.",
        "body":"Northern Ireland can become a leader in hydrogen technology, Economy Minister Diane Dodds has said.\nShe said it would also allow us to get more efficient use of our onshore windfarms.\nThere are already plans to introduce hydrogen-fuelledbuses to Belfast later this year.\nThe company building them has ambitions to set up a facility to make hydrogen fuel. Ballymena-based\nWrightbus has orders for 80 of its hydrogen buses.\nTwenty of them are in production at present.\nThe buses work by passing hydrogen into a fuel cell where a chemical reaction creates an electrical current to drive the bus.\nThe only thing that comes out of the tailpipe is water.\n'Twice the cost of diesel buses'\nWrightbus was\nHe also has extensive interests in the hydrogen industry.\nThe main issue with hydrogen buses is the price.\nAt 500,000, the double-deckers cost twice as much as a diesel equivalent.\nWrightbus chief executive Buta Atwal said government support will be needed to drive down costs.\n\"If we have guaranteed vol",
        "keywords":"",
        "language":"en",
        "isSafe":true,
        "datePublished":"2020-07-15T05:37:54",
        "provider":{
           "name":"bbc"
        },
        "image":{
           "url":"https://ichef.bbci.co.uk/news/1024/branded_news/BFBE/production/_113368094_bus1.jpg",
           "height":576,
           "width":1024,
           "thumbnail":"https://rapidapi.contextualwebsearch.com/api/thumbnail/get?value=4449689679981832350",
           "thumbnailHeight":144,
           "thumbnailWidth":256,
           "base64Encoding":null,
           "name":null,
           "title":null,
           "imageWebSearchUrl":null
        }
     },
     {
        "id":"7615833319101438683",
        "title":"Use of modern <b>technology</b> a must to eliminate crimes: IGP",
        "url":"https://nation.com.pk/15-Jul-2020/use-of-modern-technology-a-must-to-eliminate-crimes-igp",
        "description":"LAHORE - Inspector General of",
        "body":"Our Staff Reporter\nJuly 15, 2020\nLAHORE - Inspector General of Police (IGP) Punjab Shoaib Dastgir on Tuesday said that elimination of crimes, quick resolution of public complaints and improving service delivery with effective use of modern technology were among top priorities of Police department, therefore, operations working system should be upgraded with new features.\nHe expressed these views during a meeting with officers regarding IT based projects at Central Police Office. He said that new features should be incorporated into 8787 IGP complaint center, police station record management, criminal record office, hotel eye, crime mapping and monitoring and surveillance systems by keeping in view the requirements for improving the progress of Police teams, adding, the IT projects should be further upgraded in the light of feedback received through public and field staff.\nCOVID-19 vaccine tested on humans shows early promise\nCOVID-19 vaccine tested on humans shows early promise\nThe IGP",
        "keywords":"",
        "language":"en",
        "isSafe":true,
        "datePublished":"2020-07-15T04:42:55",
        "provider":{
           "name":"nation"
        },
        "image":{
           "url":"https://nation.com.pk/print_images/large/2020-07-15/use-of-modern-technology-a-must-to-eliminate-crimes-igp-1594760150-2279.jpg",
           "height":942,
           "width":800,
           "thumbnail":"https://rapidapi.contextualwebsearch.com/api/thumbnail/get?value=3517996059005822976",
           "thumbnailHeight":353,
           "thumbnailWidth":299,
           "base64Encoding":null,
           "name":null,
           "title":null,
           "imageWebSearchUrl":null
        }
     },
     {
        "id":"9026969721140669834",
        "title":"Boosting workforce led to 64% profit hike",
        "url":"https://www.heraldscotland.com/business_hq/18582508.boosting-workforce-led-64-profit-hike/?ref=rss",
        "description":"AN ELECTRONICS manufacturing services firm has said boosting its workforce and investing in equipment has fuelled double-digit percentage growth as",
        "body":"comment\nAN ELECTRONICS manufacturing services firm has said boosting its workforce and investing in equipment has fuelled double-digit percentage growth as it plans to increase turnover to 25 million by 2025.\nCB Technology said revenues rose by 31 per cent in the year to March 31 to 10.67m, with profits rising by 64% to 1.35m.\nThe Livingston-based firm said it reaped the rewards of growing its headcount from 47 in 2018 to 71 at present, and introducing more efficient production methods, including cellular, flow and lean manufacturing techniques.\nTurnover has more than trebled since 2015 when Maven Capital Partners, the Glasgow-based private equity house, backed a management buy-in (MBI) at the West Lothian business\nThe company, which was founded in 1999, says it has grown to become the largest independent EMS businesses in Scotland- from sixth position before the MBI - and has diversified its client base beyond the oil and gas industry into the industrial, communications, and medical s",
        "keywords":"",
        "language":"en",
        "isSafe":true,
        "datePublished":"2020-07-15T04:00:00",
        "provider":{
           "name":"heraldscotland"
        },
        "image":{
           "url":"https://www.heraldscotland.com/resources/images/11586498/",
           "height":1600,
           "width":2400,
           "thumbnail":"https://rapidapi.contextualwebsearch.com/api/thumbnail/get?value=5131034616971228775",
           "thumbnailHeight":150,
           "thumbnailWidth":225,
           "base64Encoding":null,
           "name":null,
           "title":null,
           "imageWebSearchUrl":null
        }
     },
     {
        "id":"88794835397845420",
        "title":"'Fundamentally flawed' study describes facial recognition system designed to identify non-binary people",
        "url":"https://venturebeat.com/2020/07/14/study-describes-facial-recognition-system-designed-to-identify-non-binary-people/",
        "description":"In a study, researchers describe a controversial approach to designing facial recognition systems that can identify non-binary people.",
        "body":"the National Institute of Standards and Technology (NIST)\nhave found that facial recognition exhibits race, gender bias, and poor performance on people who dont conform to a single gender identity And facial recognition can be wildly inaccurate, misclassifying people upwards of 96% of the time\nIn spite of this, the papers coauthors  perhaps with the best of intentions  sought to improve the performance of facial recognition systems when theyre applied to transgender and non-binary people. They posit that current facial recognition algorithms are likely to amplify societal gender bias and that the lack of LGBTQ representation in popular benchmark databases leads to a false sense of progress on gender classification tasks in machine learning, potentially harming the self-confidence and psychology of those misgendered by the algorithms.\nThats reasonable, according to Keyes, but the researchers assumptions about gender are not.\nThey settle on treating gender as fixed, and modeling non-bina",
        "keywords":"",
        "language":"en",
        "isSafe":true,
        "datePublished":"2020-07-15T03:40:19",
        "provider":{
           "name":"venturebeat"
        },
        "image":{
           "url":"https://venturebeat.com/wp-content/uploads/2019/08/deepfake-e1576010828444.jpg?w=1200&#038;strip=all",
           "height":600,
           "width":1200,
           "thumbnail":"https://rapidapi.contextualwebsearch.com/api/thumbnail/get?value=2392995813089625935",
           "thumbnailHeight":150,
           "thumbnailWidth":300,
           "base64Encoding":null,
           "name":null,
           "title":null,
           "imageWebSearchUrl":null
        }
     },
     {
        "id":"7888328886514368137",
        "title":"Covid 19 coronavirus: Research to find new Covid test and light <b>technology</b> to combat virus",
        "url":"https://www.nzherald.co.nz/nz/news/article.cfm?c_id=1&objectid=12348299&ref=rss",
        "description":"AgResearch leading the two research projects.",
        "body":"Covid 19 coronavirus: No new cases of Covid-19 today - Ashley Bloomfield provides details\n\"We can then develop a test that detects this pattern and therefore tells us the disease is present within hours of infection in otherwise asymptomatic people,\" Gupta said.\n\"This test will make targeted contact tracing far more effective and could help make long quarantine measures unnecessary for people travelling to NZ.\"\nAgResearch said if proven effective, this diagnostic method would have a test trialled and potentially made available within a year to 18 months.\nAdvertisement\nAdvertise with NZME.\nThe second research aims to develop a unique technology that uses different forms of light to kill the virus causing Covid-19 and other harmful viruses.\nAgResearch scientists will work with counterparts from Massey University and the Christchurch firm Energylight Group Ltd on this.\nTeam leader Dr Gale Brightwell said they would look at combing ultraviolet light with blue light, through LEDs (light emi",
        "keywords":"",
        "language":"en",
        "isSafe":true,
        "datePublished":"2020-07-15T02:53:00",
        "provider":{
           "name":"nzherald"
        },
        "image":{
           "url":"https://www.nzherald.co.nz/resizer/59w0KBhHosmSWFG2xIwIKGQmR-Y=/1200x0/smart/filters:quality(70)/cloudfront-ap-southeast-2.images.arcpublishing.com/nzme/MA6SFISYVFBZ5EYPI5NBQNF3FE.jpg",
           "height":800,
           "width":1200,
           "thumbnail":"https://rapidapi.contextualwebsearch.com/api/thumbnail/get?value=3050394687544453302",
           "thumbnailHeight":200,
           "thumbnailWidth":300,
           "base64Encoding":null,
           "name":null,
           "title":null,
           "imageWebSearchUrl":null
        }
     },
     {
        "id":"3087784832740626623",
        "title":"AGL Energy under new <b>technology</b> leadership from mid-August",
        "url":"https://www.itnews.com.au/news/agl-energy-under-new-technology-leadership-from-mid-august-550488?utm_source=feed&utm_medium=rss&utm_campaign=iTnews+",
        "description":"As Simon Moorfield departs for Transurban.",
        "body":"John Chambers (Credit: AGL Energy)\nAs Simon Moorfield departs for Transurban.\nAGL Energy is set to have new technology leadership in place by mid-August with John Chambers named as a replacement for Simon Moorfield, who is leaving for Transurban.\nChambers confirmed in a LinkedIn post late yesterday that he would lead the technology, digital, data and innovation teams at AGL.\nAfter an extensive search, were pleased to announce the appointment of John Chambers as our new executive general manager, future business & technology (FB&T), AGL said in a brief statement\nWith more than 25 years experience across innovation, product, strategy and operations, John is an experienced and people focused leader, and were looking forward to him joining us in mid-August.\nChambers comes from digital agency IE Company, but is probably better known for his 20-year stint at Telstra, where he held executive roles in product innovation, mobile and broadband. He left the telco in 2017.\nChambers said he was hum",
        "keywords":"",
        "language":"en",
        "isSafe":true,
        "datePublished":"2020-07-15T02:13:00",
        "provider":{
           "name":"itnews"
        },
        "image":{
           "url":"https://i.nextmedia.com.au/News/John_Chambers_AGL.png",
           "height":676,
           "width":1038,
           "thumbnail":"https://rapidapi.contextualwebsearch.com/api/thumbnail/get?value=2088141242146361953",
           "thumbnailHeight":168,
           "thumbnailWidth":259,
           "base64Encoding":null,
           "name":null,
           "title":null,
           "imageWebSearchUrl":null
        }
     },
     {
        "id":"1983481536864307600",
        "title":"COVID 19: <b>Technology</b> inequality among concerns weighing on teachers in back-to-class planning",
        "url":"https://vancouversun.com/news/local-news/covid-19-technology-inequality-among-concerns-weighing-on-teachers-in-back-to-class-planning",
        "description":"A Canadian Federation of Teachers survey reveals educators worry about inequality and the emotional health fallout from COVID-19.",
        "body":"COVID 19: Technology inequality among concerns weighing on teachers in back-to-class planning\nBack to video\nFor families that do have internet connections at home, parents in many are also working from home, which limits the availability of computers for children to use, for very practical reasons, Mooring said.\nWe also have a high rate of child poverty in B.C. (and) we know that there are plenty of families without internet connection, without access to technology, she added.\nFrom what teachers across the country have experienced, 92 per cent of them say access to technology and learning materials was a barrier to equitable quality public education, according to a national survey conducted by the Canadian Teachers Federation.\nAdvertisement\nThis advertisement has not loaded yet, but your article continues below.\nArticle content continued\nThe survey, conducted by using a questionnaire devised by the Alberta Teachers Association, queried some 17,000 educators and found that their anxieti",
        "keywords":"",
        "language":"en",
        "isSafe":true,
        "datePublished":"2020-07-15T01:54:49",
        "provider":{
           "name":"vancouversun"
        },
        "image":{
           "url":"https://smartcdn.prod.postmedia.digital/vancouversun/wp-content/uploads/2020/07/png-0630n-education-065.jpg",
           "height":750,
           "width":1000,
           "thumbnail":"https://rapidapi.contextualwebsearch.com/api/thumbnail/get?value=1724410210045639615",
           "thumbnailHeight":281,
           "thumbnailWidth":374,
           "base64Encoding":null,
           "name":null,
           "title":null,
           "imageWebSearchUrl":null
        }
     },
     {
        "id":"1296966038339453839",
        "title":"Singapore-listed Biolidics signs 5-year deal for use of A*Star <b>technology</b> to develop new Covid-19 test kits, Companies & Markets News & Top Stories",
        "url":"http://www.straitstimes.com/business/companies-markets/biolidics-signs-5-year-licence-with-astar-arm-eyes-development-of-new",
        "description":"SINGAPORE (THE BUSINESS TIMES) - Biolidics on July 9 entered into a five-year licence agreement with Accelerate Technologies, the commercialisation arm of the Agency for Science, <b>Technology</b> and Research (A*Star), for the use of the agency's technology for the detection of Covid-19 antibodies.. Read more at straitstimes.com.",
        "body":"https://str.sg/JsKb\nCopy\nSINGAPORE (THE BUSINESS TIMES) - Biolidics on July 9 entered into a five-year licence agreement with Accelerate Technologies, the commercialisation arm of the Agency for Science, Technology and Research (A*Star), for the use of the agency's technology for the detection of Covid-19 antibodies.\nThe Catalist-listed company said in a bourse filing on Tuesday night (July 14) that it aims to develop new serology tests that incorporate the technology to detect Covid-19 viral spike/Angiotensin Converting Enzyme 2 (ACE2) blocking antibodies.\nUnder the agreement, Accelerate Technologies has granted Biolidics non-exclusive worldwide rights to use the technology for diagnostic use for the five-year term to further develop the technology, and the right to market serology tests that incorporate the technology.\nShares of the Catalist-listed firm fell",
        "keywords":"",
        "language":"en",
        "isSafe":true,
        "datePublished":"2020-07-15T01:07:26",
        "provider":{
           "name":"straitstimes"
        },
        "image":{
           "url":"https://www.straitstimes.com/sites/default/files/styles/x_large/public/articles/2020/07/15/rk_biolidics_150720.jpg?itok=PJ9IVye5",
           "height":509,
           "width":763,
           "thumbnail":"https://rapidapi.contextualwebsearch.com/api/thumbnail/get?value=8781085430394049491",
           "thumbnailHeight":254,
           "thumbnailWidth":380,
           "base64Encoding":null,
           "name":null,
           "title":null,
           "imageWebSearchUrl":null
        }
     },
     {
        "id":"4752994411963347783",
        "title":"FOI shows AFP used unauthorised facial recognition tech",
        "url":"https://www.crikey.com.au/2020/07/15/facial-recognition-australia-police/?utm_source=rss&utm_medium=rss&utm_campaign=facial-recognition-australia-police",
        "description":"With no authorisation, Australian police used an app that searches through billions of social media photos and identifies people.",
        "body":"Technology\nFOI documents reveal AFP used face-matching tech to search persons of interest\nWith no authorisation, Australian police used an app that searches through billions of social media photos to identify people.\nJul 15, 2020\n(Image: Getty)\nAustralian Federal Police officers have made more than 100 searches using Clearview AI, a controversial facial recognition company that identifies  members of the public by matching them with more than 3 billion photos scraped from social media.\nDocuments released under freedom of information law indicates the AFP  used the artificial intelligence technology on behalf of foreign law enforcement agencies.\nLast week the Office of the Australian Information Commissioner and the UKs Office of the Information Commissioner launched a joint investigationinto the personal information handling practices of Clearview AI.\nFree Trial\nIf you are human, leave this field blank.\nKeep reading about the AFP's facial recognition adventure.\nRegister your email addr",
        "keywords":"",
        "language":"en",
        "isSafe":true,
        "datePublished":"2020-07-15T00:53:53",
        "provider":{
           "name":"crikey"
        },
        "image":{
           "url":"https://www.crikey.com.au/wp-content/uploads/2018/07/GettyImages-851960058-e1532392143361.jpg",
           "height":523,
           "width":784,
           "thumbnail":"https://rapidapi.contextualwebsearch.com/api/thumbnail/get?value=727348241090559659",
           "thumbnailHeight":195,
           "thumbnailWidth":292,
           "base64Encoding":null,
           "name":null,
           "title":null,
           "imageWebSearchUrl":null
        }
     }
  ]
}