{
  "_type":"news",
  "didUMean":"",
  "totalCount":2473,
  "relatedSearch":[
     "hoop dancer nakotah larance",
     "china",
     "daily",
     "champion",
     "cup",
     "tue jul",
     "disney",
     "nation",
     "mls",
     "wide",
     "workers",
     "global"
  ],
  "value":[
     {
        "id":"6307369758033392150",
        "title":"Body by burpees: Raleigh firefighter sets Guinness <b>World</b> Record in the gym",
        "url":"https://www.wwaytv3.com/2020/07/15/body-by-burpees-raleigh-firefighter-sets-guinness-world-record-in-the-gym/",
        "description":"A Raleigh firefighter is an unofficial Guinness <b>World</b> Record holder, pending paperwork.",
        "body":"Guinness World Record (Photo: MGN Images)\nRALEIGH (\n)  A Raleigh firefighter is an unofficial Guinness World Record holder, pending paperwork.\n5,297. Thats how many burpees Nick Christopoulos said he did on Sunday in an un-air-conditioned gym.\n- Advertisement -\nIt was as it sounds, awfulyeah.\nHis venture to hold the title started simply enough- for every call at his firehouse, hed do 100 burpees.",
        "keywords":"",
        "language":"en",
        "isSafe":true,
        "datePublished":"2020-07-15T10:12:54",
        "provider":{
           "name":"wwaytv3"
        },
        "image":{
           "url":"https://www.wwaytv3.com/wp-content/uploads/2020/07/Guinness-World-Record.jpg",
           "height":720,
           "width":1280,
           "thumbnail":"https://rapidapi.contextualwebsearch.com/api/thumbnail/get?value=1938045557123158012",
           "thumbnailHeight":90,
           "thumbnailWidth":160,
           "base64Encoding":null,
           "name":null,
           "title":null,
           "imageWebSearchUrl":null
        }
     },
     {
        "id":"516883579919096950",
        "title":"\"@Beautiful Zhejiang\" Video Contest Ready To Launch",
        "url":"https://www.prnewswire.com/news-releases/beautiful-zhejiang-video-contest-ready-to-launch-301093774.html",
        "description":"/PRNewswire/ -- Organized by Information Office of Zhejiang Provincial Government and Zhejiang International Channel (ZTV-World), \"@Beautiful Zhejiang\" Global...",
        "body":"\"@Beautiful Zhejiang\" Video Contest Ready To Launch\nNews provided by\nJul 15, 2020, 06:10 ET\nShare this article\n,\nJuly 15, 2020\n/PRNewswire/ -- Organized by Information Office of Zhejiang Provincial Government and Zhejiang International Channel (ZTV-World), \"@Beautiful Zhejiang\" Global Short Video Contest is now ready to launch. The contest is seeking short videos no longer than 5 minutes from both home and abroad to show the beautiful landscape, culture, and modernization of the province.\nThe poster of this contest\nThe award-winning works will be displayed across the world. Award-winners will automatically get premium membership of\nBlueberry Video Bloggers' Alliance @Beautiful Zhejiang\n, a platform for works exhibition and insight sharing, and be offered priority access to follow-up media events and plenty of resources.\nThe Contest includes Comprehensive Awards and Individual Awards. The former includes 5 first prizes, 10 second prizes, 15 third prizes, and 30 honorable mentions; the l",
        "keywords":"",
        "language":"en",
        "isSafe":true,
        "datePublished":"2020-07-15T10:10:00",
        "provider":{
           "name":"prnewswire"
        },
        "image":{
           "url":"https://mma.prnewswire.com/media/1214908/ZTV_World.jpg?p=facebook",
           "height":2700,
           "width":5157,
           "thumbnail":"https://rapidapi.contextualwebsearch.com/api/thumbnail/get?value=3345454863504971942",
           "thumbnailHeight":168,
           "thumbnailWidth":320,
           "base64Encoding":null,
           "name":null,
           "title":null,
           "imageWebSearchUrl":null
        }
     },
     {
        "id":"1745199096632826097",
        "title":"The Happiest School Holidays at the Sky Tower",
        "url":"https://events.stuff.co.nz/2020/the-happiest-school-holidays-at-the-sky-tower/auckland?utm_medium=rss",
        "description":"The Happiest School Holidays at the Sky Tower, To celebrate the release of TROLLS <b>WORLD</b> TOUR ..., Sky Tower, Auckland, Auckland, 4 July 2020 - 19 July 2020",
        "body":"General Admission - Family: $75.00\nDoor Sales Only\nTo celebrate the release of TROLLS WORLD TOUR in cinemas; you can enjoy activity books, colouring-in and face painting at the Sky Tower these school holidays.\nBetween 4 - 19 July, Boogie down to the Sky Tower daily for TROLLS WORLD TOUR activity books and colouring-in. Saturdays and Sundays between 1pm-4pm, get your TROLLS WORLD TOUR face painting and a special appearance by Scotty the Sky Tower! Enjoy restaurant offers for the whole family, visit Skytower.co.nz to plan your visit today!\nDont miss our best value yet, get 50% off Sky Tower admission for the entire family by booking here  www.skycityauckland.co.nz/halfprice. Entry for children aged 5 years and under is FREE.\nPARKING - Visit the Sky Tower for School Holidays during 4 - 19 July and be eligible for $10 parking during your visit (8am - 8pm). *Parking to be validated at the Sky Tower in order to receive the $10 rate.\nDont miss the trailer for the happiest movie ever - TROLLS ",
        "keywords":"",
        "language":"en",
        "isSafe":true,
        "datePublished":"2020-07-15T10:00:00",
        "provider":{
           "name":"stuff"
        },
        "image":{
           "url":"https://cdn.eventfinda.co.nz/uploads/events/transformed/1456752-639416-34.jpg",
           "height":336,
           "width":780,
           "thumbnail":"https://rapidapi.contextualwebsearch.com/api/thumbnail/get?value=7393949993445376110",
           "thumbnailHeight":125,
           "thumbnailWidth":292,
           "base64Encoding":null,
           "name":null,
           "title":null,
           "imageWebSearchUrl":null
        }
     }
  ]
}